K,Inertia,SilhouetteScore
2,6476.506937053551,0.43250906819167395
3,4858.078487594672,0.33720826318305847
4,3925.2744726728583,0.3339182058421721
5,3269.0747590373167,0.31816650016477865
6,2840.4246617207255,0.315847728852169
7,2532.9846792455164,0.31029597420449523
8,2325.0753739552924,0.302062319419304
