K,Inertia,SilhouetteScore
2,6476.506937053555,0.43250906819167395
3,4858.078487594667,0.33720826318305847
4,3925.2744726728542,0.3339182058421721
5,3269.074759037314,0.31816650016477865
6,2840.424661720729,0.315847728852169
7,2532.9846792455164,0.31029597420449523
8,2325.075373955291,0.302062319419304
